{
  "project_info": {
    "project_number": "304070167373",
    "firebase_url": "https://telorasinarnis.firebaseio.com",
    "project_id": "telorasinarnis",
    "storage_bucket": "telorasinarnis.appspot.com"
  },
  "client": [
    {
      "client_info": {
        "mobilesdk_app_id": "1:304070167373:android:62aba3d02ca67bb7",
        "android_client_info": {
          "package_name": "com.example.praktikum.telurasinarnis"
        }
      },
      "oauth_client": [
        {
          "client_id": "304070167373-ampmeot6684b9ro9p9t51qgudek7mjpu.apps.googleusercontent.com",
          "client_type": 1,
          "android_info": {
            "package_name": "com.example.praktikum.telurasinarnis",
            "certificate_hash": "251b5f8e2e428806e27cacc8f825922b81ac1ecd"
          }
        },
        {
          "client_id": "304070167373-nl8vr66eqjj1f27upr7fkhdrepsotkeb.apps.googleusercontent.com",
          "client_type": 3
        }
      ],
      "api_key": [
        {
          "current_key": "AIzaSyB4lAFazwsTvJBs7Rjl5cN4YdtlOC1g18A"
        }
      ],
      "services": {
        "appinvite_service": {
          "other_platform_oauth_client": [
            {
              "client_id": "304070167373-nl8vr66eqjj1f27upr7fkhdrepsotkeb.apps.googleusercontent.com",
              "client_type": 3
            }
          ]
        }
      }
    }
  ],
  "configuration_version": "1"
}